{
  "cnn": {
    "patterns": [
      "normal_consciousness"
    ],
    "confidence": null
  },
  "rnn": {
    "patterns": [
      "deep_meditation"
    ],
    "confidence": 0.636722014399605,
    "temporalStates": [
      "deep_peace",
      "deep_peace",
      "deep_peace",
      "deep_peace",
      "balanced_consciousness",
      "normal_consciousness",
      "deep_peace",
      "deep_peace",
      "deep_peace",
      "active_consciousness",
      "deep_peace",
      "normal_consciousness",
      "deep_peace",
      "theta_meditation",
      "deep_peace",
      "normal_consciousness",
      "deep_peace",
      "deep_peace",
      "normal_consciousness",
      "deep_peace",
      "unified_consciousness",
      "deep_peace",
      "deep_peace",
      "deep_peace",
      "deep_peace",
      "deep_peace",
      "deep_peace",
      "active_consciousness",
      "active_consciousness",
      "deep_meditation"
    ]
  },
  "transformer": {
    "patterns": [
      "deep_peace",
      null,
      null,
      null,
      null,
      null,
      null,
      null,
      null,
      null,
      null,
      null,
      null,
      null,
      null,
      null,
      null,
      null,
      null,
      null,
      null,
      null,
      null
    ],
    "confidence": 2.1442757065253164,
    "attention": [
      [
        0.42853785920913756,
        0.08101517957938409,
        0.6428195077572536,
        0.9287937125037338,
        0.5557319852794795,
        0.9212486186731734,
        0.16613010274377116,
        0.31993908468317067,
        0.1246515980620928,
        0.8789339880738374
      ],
      [
        0.332645615447799,
        0.6182269055531602,
        0.8343094731562151,
        0.5831843459070856,
        0.6887119936610742,
        0.8647924626273422,
        0.1776491703171259,
        0.5492871387524441,
        0.4655409859435551,
        0.983045220424192
      ],
      [
        0.20924183404340102,
        0.46919735807241403,
        0.2197067093568006,
        0.17129295131980826,
        0.3420625051767934,
        0.08529155404021593,
        0.1995109847480705,
        0.7101067989407317,
        0.3244619173147296,
        0.01965366481106101
      ],
      [
        0.9017492164253442,
        0.19560430280832586,
        0.40053363994800706,
        0.08006885689438592,
        0.9520133143544711,
        0.1579462064675834,
        0.6784653023196907,
        0.05942553792202898,
        0.622139005859401,
        0.045448137360311947
      ],
      [
        0.16110548276721381,
        0.999498947180546,
        0.9024674237773571,
        0.49768639909529644,
        0.8732983208907146,
        0.5143877432394723,
        0.2430335739805698,
        0.7847416948008192,
        0.913166299037764,
        0.3794553577945192
      ],
      [
        0.3251049350309314,
        0.13212085691948539,
        0.9407823692301627,
        0.601438317888132,
        0.18802408548559102,
        0.6832124028348032,
        0.2638659315591829,
        0.3862629605171295,
        0.3527832605150747,
        0.2551947207653975
      ],
      [
        0.9376658103694826,
        0.9069050967011307,
        0.16675629586226504,
        0.717977459235694,
        0.7626204929665805,
        0.6514054323579168,
        0.6466669740372899,
        0.49633043831083024,
        0.8645901716405444,
        0.7780302043373064
      ],
      [
        0.7153722855066076,
        0.08738522525623749,
        0.4693542538944555,
        0.7208847808409042,
        0.8166098676761511,
        0.7263918893629213,
        0.954922629775772,
        0.10596374731045999,
        0.9058409969747612,
        0.2145739543110312
      ],
      [
        0.2614720556391472,
        0.6408939138348231,
        0.36973580361740677,
        0.4827154284100643,
        0.316342527890783,
        0.3208380310289465,
        0.7672502727712136,
        0.9019713926520618,
        0.9625319041760443,
        0.5819202086264867
      ],
      [
        0.3450309311793356,
        0.4068383744700159,
        0.1608976243404865,
        0.17187147350703325,
        0.7951550228755486,
        0.11435520519184683,
        0.46957047981510636,
        0.2907479028761084,
        0.9846346146854019,
        0.3360398860997478
      ]
    ]
  },
  "ensemble": {
    "patterns": [
      "normal_consciousness",
      null,
      "deep_peace"
    ],
    "confidence": null,
    "modelPredictions": [
      {
        "model": "cnn",
        "patterns": [
          "normal_consciousness"
        ],
        "confidence": null
      },
      {
        "model": "rnn",
        "patterns": [
          "deep_meditation"
        ],
        "confidence": 0.636722014399605
      },
      {
        "model": "transformer",
        "patterns": [
          "deep_peace",
          null,
          null,
          null,
          null,
          null,
          null,
          null,
          null,
          null,
          null,
          null,
          null,
          null,
          null,
          null,
          null,
          null,
          null,
          null,
          null,
          null,
          null
        ],
        "confidence": 2.1442757065253164
      }
    ]
  },
  "statistics": {
    "cnn": {
      "layers": 8,
      "convolutionalLayers": 3,
      "poolingLayers": 2,
      "fullyConnectedLayers": 3,
      "learningRate": 0.001
    },
    "rnn": {
      "inputSize": 10,
      "hiddenSize": 32,
      "outputSize": 8,
      "learningRate": 0.01,
      "totalParameters": 1600
    },
    "transformer": {
      "dModel": 64,
      "numHeads": 8,
      "numLayers": 4,
      "vocabSize": 100,
      "maxSequenceLength": 50,
      "learningRate": 0.001,
      "totalParameters": 71936
    },
    "ensemble": {
      "weights": [
        0.4,
        0.3,
        0.3
      ],
      "totalModels": 3
    }
  },
  "timestamp": 1752475314350
}