{
  "quantumState": {
    "superposition": {
      "states": [
        "deep_meditation",
        "active_consciousness",
        "deep_peace",
        "balanced_consciousness",
        "theta_meditation",
        "transcendental_consciousness",
        "unified_consciousness",
        "normal_consciousness"
      ],
      "probabilities": [
        0.12499999999999997,
        0.12499999999999997,
        0.12499999999999997,
        0.12499999999999997,
        0.12499999999999997,
        0.12499999999999997,
        0.12499999999999997,
        0.12499999999999997
      ],
      "coherence": 0.12499999999999999
    },
    "entanglement": {
      "matrix": [
        [
          1,
          0.17926603682513575,
          0.07948658685934414,
          0.13203398001266248,
          0.2759320322473357,
          0.09019656803009453,
          0.2404053717820398,
          0.035444127012452344
        ],
        [
          0.17926603682513575,
          1,
          0.01566184288023289,
          0.011715856932004698,
          0.070786364856972,
          0.18732943529166265,
          0.2032564422316101,
          0.19147104869543852
        ],
        [
          0.07948658685934414,
          0.01566184288023289,
          1,
          0.2863789550645931,
          0.03291153764654659,
          0.15929304728395302,
          0.07644845919400352,
          0.25752933431369657
        ],
        [
          0.13203398001266248,
          0.011715856932004698,
          0.2863789550645931,
          1,
          0.13711452260565074,
          0.19055900746562138,
          0.043502531551227186,
          0.23703915967274294
        ],
        [
          0.2759320322473357,
          0.070786364856972,
          0.03291153764654659,
          0.13711452260565074,
          1,
          0.27756732751221064,
          0.23335682923206238,
          0.1168225508588476
        ],
        [
          0.09019656803009453,
          0.18732943529166265,
          0.15929304728395302,
          0.19055900746562138,
          0.27756732751221064,
          1,
          0.12780049279679395,
          0.24142047475170558
        ],
        [
          0.2404053717820398,
          0.2032564422316101,
          0.07644845919400352,
          0.043502531551227186,
          0.23335682923206238,
          0.12780049279679395,
          1,
          0.16008875978960177
        ],
        [
          0.035444127012452344,
          0.19147104869543852,
          0.25752933431369657,
          0.23703915967274294,
          0.1168225508588476,
          0.24142047475170558,
          0.16008875978960177,
          1
        ]
      ],
      "strength": 0.15324352440700864
    },
    "stateVector": {
      "amplitudes": [
        0.35355339059327373,
        0.35355339059327373,
        0.35355339059327373,
        0.35355339059327373,
        0.35355339059327373,
        0.35355339059327373,
        0.35355339059327373,
        0.35355339059327373
      ],
      "phases": [
        0,
        0,
        0,
        0,
        0,
        0,
        0,
        0
      ]
    }
  },
  "quantumNetwork": {
    "patterns": [
      "normal_consciousness"
    ],
    "superposition": {
      "basisStates": [
        "deep_meditation",
        "active_consciousness",
        "deep_peace",
        "balanced_consciousness",
        "theta_meditation",
        "transcendental_consciousness",
        "unified_consciousness",
        "normal_consciousness"
      ],
      "amplitudes": [
        0.35106571709796525,
        0.36766010066844007,
        0.3416397798710311,
        0.3458245861478865,
        0.3744588165101652,
        0.3493564254177525,
        0.3389143858932296,
        0.3579584485272445
      ],
      "phases": [
        1.5707963267948966,
        1.5707963267948966,
        1.5707963267948966,
        1.5707963267948966,
        1.5707963267948966,
        1.5707963267948966,
        1.5707963267948966,
        1.5707963267948966
      ],
      "coherence": 0.12484358388601104
    },
    "entanglement": 0.3111186537897127
  },
  "measurements": {
    "currentMeasurements": [
      {
        "state": "deep_meditation",
        "probability": 0.12499999999999999
      },
      {
        "state": "active_consciousness",
        "probability": 0.12499999999999999
      },
      {
        "state": "theta_meditation",
        "probability": 0.12499999999999999
      },
      {
        "state": "active_consciousness",
        "probability": 0.12499999999999999
      },
      {
        "state": "deep_meditation",
        "probability": 0.12499999999999999
      }
    ],
    "statistics": {
      "totalMeasurements": 5,
      "stateProbabilities": [
        {
          "state": "deep_meditation",
          "probability": 0.4
        },
        {
          "state": "active_consciousness",
          "probability": 0.4
        },
        {
          "state": "theta_meditation",
          "probability": 0.2
        }
      ],
      "mostProbableState": {
        "state": "deep_meditation",
        "probability": 0.4
      }
    },
    "history": [
      {
        "timestamp": 1752475958202,
        "measurements": [
          {
            "state": "deep_meditation",
            "probability": 0.12499999999999999
          },
          {
            "state": "active_consciousness",
            "probability": 0.12499999999999999
          },
          {
            "state": "theta_meditation",
            "probability": 0.12499999999999999
          },
          {
            "state": "active_consciousness",
            "probability": 0.12499999999999999
          },
          {
            "state": "deep_meditation",
            "probability": 0.12499999999999999
          }
        ],
        "statistics": {
          "totalMeasurements": 5,
          "stateProbabilities": [
            {
              "state": "deep_meditation",
              "probability": 0.4
            },
            {
              "state": "active_consciousness",
              "probability": 0.4
            },
            {
              "state": "theta_meditation",
              "probability": 0.2
            }
          ],
          "mostProbableState": {
            "state": "deep_meditation",
            "probability": 0.4
          }
        }
      }
    ]
  },
  "statistics": {
    "quantumState": {
      "basisStates": 8,
      "coherence": 0.12499999999999999,
      "entanglementStrength": 0.15324352440700864
    },
    "quantumNetwork": {
      "layers": 2,
      "learningRate": 0.01,
      "entanglementStrength": 0.3,
      "totalParameters": 288,
      "averageEntanglement": 0.3399377481480719
    },
    "measurements": {
      "totalMeasurements": 1,
      "averageCoherence": 0.12499999999999999
    }
  },
  "timestamp": 1752475958216
}